fname,codec,effort,quality,outname,size,enc_time,perf,dssim
lake,libavif,5,10,lake.s5.q10,582778,9.710399150848389,0.27839844253609386,88.49159517
lake,webp,5,10,lake.q96,888084,0.44398999214172363,6.088785891230348,88.44790362
lake,libavif,6,10,lake.s6.q10,575115,1.502441167831421,1.7993117187423384,87.4501812
lake,libavif,7,10,lake.s7.q10,650612,1.2896928787231445,2.0961269497560155,88.39621375
lake,webp,7,10,lake.q96,888084,0.44398999214172363,6.088785891230348,88.44790362
lake,libavif,8,10,lake.s8.q10,650218,0.847588062286377,3.189473896915986,88.43281891
lake,libavif,5,12,lake.s5.q12,506826,8.947173118591309,0.3021468305316117,86.95898576
lake,webp,5,12,lake.q93,707930,0.41981077194213867,6.439472687881855,86.7396827
lake,libavif,6,12,lake.s6.q12,503831,1.4126992225646973,1.913613284993646,85.83933773
lake,libavif,7,12,lake.s7.q12,558596,1.2106451988220215,2.232991137808514,86.99430129
lake,webp,7,12,lake.q93,707930,0.41981077194213867,6.439472687881855,86.7396827
lake,libavif,8,12,lake.s8.q12,558232,0.7734067440032959,3.495392328759522,86.95779476
lake,libavif,5,14,lake.s5.q14,450779,8.397745609283447,0.32191496691820715,85.59881804
lake,webp,5,14,lake.q91.5,624844,0.4035634994506836,6.698722762786323,85.61868369
lake,libavif,6,14,lake.s6.q14,449880,1.362741231918335,1.9837662035032668,84.33114566
lake,libavif,7,14,lake.s7.q14,487915,1.1524724960327148,2.3457045693550853,85.38890343
lake,webp,7,14,lake.q91.5,624844,0.4035634994506836,6.698722762786323,85.61868369
lake,libavif,8,14,lake.s8.q14,487305,0.7166028022766113,3.772466408743533,85.28339944
lake,libavif,5,16,lake.s5.q16,402471,7.822274446487427,0.3455976926524148,84.13934163
lake,webp,5,16,lake.q90,566604,0.39459919929504395,6.850900875697629,84.6173881
lake,libavif,6,16,lake.s6.q16,403975,1.3073999881744385,2.0677375129663127,82.68270535
lake,libavif,7,16,lake.s7.q16,436112,1.1086561679840088,2.438411545498201,84.04695494
lake,webp,7,16,lake.q90,566604,0.39459919929504395,6.850900875697629,84.6173881
lake,libavif,8,16,lake.s8.q16,435111,0.670795202255249,4.030082491513297,83.78724604
lake,libavif,5,18,lake.s5.q18,365068,7.402298927307129,0.3652054620527803,82.74875888
lake,webp,5,18,lake.q88,490002,0.38315391540527344,7.055545803676767,82.77558917
lake,libavif,6,18,lake.s6.q18,368441,1.269603967666626,2.1292939127848185,81.22352677
lake,libavif,7,18,lake.s7.q18,391210,1.0791401863098145,2.5051054851773285,82.57838743
lake,webp,7,18,lake.q88,490002,0.38315391540527344,7.055545803676767,82.77558917
lake,libavif,8,18,lake.s8.q18,390266,0.6544952392578125,4.1304502123889675,82.1134109
lake,libavif,5,20,lake.s5.q20,332075,7.015988111495972,0.385314221894196,81.36339901
lake,webp,5,20,lake.q87,458628,0.37715578079223633,7.167754380753344,80.56770702
lake,libavif,6,20,lake.s6.q20,336236,1.2274448871612549,2.202428824525176,79.85313118
lake,libavif,7,20,lake.s7.q20,356785,1.0555517673492432,2.56108708603541,81.0316721
lake,webp,7,20,lake.q87,458628,0.37715578079223633,7.167754380753344,80.56770702
lake,libavif,8,20,lake.s8.q20,355435,0.6222937107086182,4.34418660108525,80.49146348
lake,libavif,5,22,lake.s5.q22,306886,6.874706983566284,0.3932327598052216,80.08320982
lake,webp,5,22,lake.q86,432462,0.372086763381958,7.265402228847688,79.86563616
lake,libavif,6,22,lake.s6.q22,309497,1.6349401473999023,1.6534917221888765,78.81260903
lake,libavif,7,22,lake.s7.q22,325775,1.0358476638793945,2.6098046018422614,79.56974622
lake,webp,7,22,lake.q85.5,424112,0.37114453315734863,7.283847015076191,79.49717376
lake,libavif,8,22,lake.s8.q22,324429,0.596407413482666,4.532740436967373,79.03875533
lake,libavif,5,24,lake.s5.q24,281990,6.627918481826782,0.40787466040996057,78.68944089
lake,webp,5,24,lake.q83.5,388016,0.36914539337158203,7.323293337914678,78.50816496
lake,libavif,6,24,lake.s6.q24,284786,1.6221494674682617,1.6665295364053083,77.24898975
lake,libavif,7,24,lake.s7.q24,301033,1.0160260200500488,2.6607192597949747,77.95862758
lake,webp,7,24,lake.q83,374498,0.3628082275390625,7.4512091920763766,77.80894165
lake,libavif,8,24,lake.s8.q24,299465,0.5803024768829346,4.658536035415463,77.48056412
lake,libavif,5,26,lake.s5.q26,246587,6.0816123485565186,0.4445136988452819,76.02712833
lake,webp,5,26,lake.q80.5,334638,0.35533905029296875,7.607832569404187,75.68135619
lake,libavif,6,26,lake.s6.q26,249905,1.5757102966308594,1.7156453224810744,74.70317711
lake,libavif,7,26,lake.s7.q26,276578,1.0002756118774414,2.702615127170799,76.27225825
lake,webp,7,26,lake.q81,344410,0.3555874824523926,7.6025173365373915,76.59849565
lake,libavif,8,26,lake.s8.q26,275055,0.561539888381958,4.814190507088575,75.8007669
lake,libavif,5,28,lake.s5.q28,219502,5.757375955581665,0.46954724180885643,73.67578812
lake,webp,5,28,lake.q79,313918,0.3497426509857178,7.729569134278665,74.74070886
lake,libavif,6,28,lake.s6.q28,222140,1.5320520401000977,1.764535361229227,72.20928952
lake,libavif,7,28,lake.s7.q28,242330,0.9735157489776611,2.77690422865674,73.57431676
lake,webp,7,28,lake.q79,313918,0.3497426509857178,7.729569134278665,74.74070886
lake,libavif,8,28,lake.s8.q28,240488,0.5315878391265869,5.085443648300332,72.95097736
lake,libavif,5,30,lake.s5.q30,197571,5.450282573699951,0.49600364081028014,71.43659085
lake,webp,5,30,lake.q76.5,278006,0.3417031764984131,7.911427771033772,71.47760676
lake,libavif,6,30,lake.s6.q30,199887,1.4847521781921387,1.8207482970603623,69.86234145
lake,libavif,7,30,lake.s7.q30,214907,0.9374184608459473,2.883834821815252,70.74990349
lake,webp,7,30,lake.q76,272400,0.3451359272003174,7.83274005093931,70.87381409
lake,libavif,8,30,lake.s8.q30,213152,0.5098941326141357,5.301806447821547,69.99283049
lake,libavif,5,32,lake.s5.q32,171511,5.158614873886108,0.5240476496287645,67.67111447
lake,webp,5,32,lake.q68.5,240218,0.33311009407043457,8.11551510483014,67.63625633
lake,libavif,6,32,lake.s6.q32,173830,1.4651813507080078,1.8450685293623734,66.29717522
lake,libavif,7,32,lake.s7.q32,192621,0.9170045852661133,2.9480332415300725,68.1222655
lake,webp,7,32,lake.q69.5,241940,0.3351774215698242,8.065459741705292,68.01851375
lake,libavif,8,32,lake.s8.q32,191022,0.48514652252197266,5.5722547199698065,67.25626643
lake,libavif,5,34,lake.s5.q34,151726,4.915323734283447,0.5499861547561108,64.28883348
lake,webp,5,34,lake.q59,212040,0.32662153244018555,8.27673540015329,64.53355456
lake,libavif,6,34,lake.s6.q34,153799,1.4136152267456055,1.9123732886095302,62.84323733
lake,libavif,7,34,lake.s7.q34,166509,0.9014816284179688,2.998796553119102,64.17838287
lake,webp,7,34,lake.q59,212040,0.32662153244018555,8.27673540015329,64.53355456
lake,libavif,8,34,lake.s8.q34,164336,0.4627244472503662,5.842267500807654,62.91521877
lake,libavif,5,36,lake.s5.q36,131540,4.6096601486206055,0.5864553812733795,60.02083207
lake,webp,5,36,lake.q52.5,194470,0.3228883743286133,8.372429034093091,60.14794382
lake,libavif,6,36,lake.s6.q36,133498,1.3590078353881836,1.989215904136284,58.6332809
lake,libavif,7,36,lake.s7.q36,147584,0.8736755847930908,3.094237777790513,60.41106963
lake,webp,7,36,lake.q52.5,194470,0.3228883743286133,8.372429034093091,60.14794382
lake,libavif,8,36,lake.s8.q36,145226,0.44025707244873047,6.140412429864636,58.7012227
lake,libavif,5,38,lake.s5.q38,114752,4.402347087860107,0.6140724359182794,55.41246523
lake,webp,5,38,lake.q43,170808,0.31716299057006836,8.52356699986018,55.32481405
lake,libavif,6,38,lake.s6.q38,116351,1.319202184677124,2.049238571160834,53.67621218
lake,libavif,7,38,lake.s7.q38,127102,0.8489573001861572,3.1843297647681625,55.69635336
lake,webp,7,38,lake.q44,172768,0.316500186920166,8.54141675651489,55.62785535
lake,libavif,8,38,lake.s8.q38,125069,0.41627931594848633,6.49410118742132,53.59584635
lake,libavif,5,40,lake.s5.q40,99626,4.123316764831543,0.6556275334113083,50.39239805
lake,webp,5,40,lake.q36,151456,0.3098325729370117,8.725228514142014,50.54063803
lake,libavif,6,40,lake.s6.q40,100845,1.2813527584075928,2.1097703050638557,48.79689423
lake,libavif,7,40,lake.s7.q40,110850,0.8236329555511475,3.2822387469804464,50.01862164
lake,webp,7,40,lake.q35.5,148700,0.3093869686126709,8.737795299272616,49.78090989
lake,libavif,8,40,lake.s8.q40,108218,0.3987267017364502,6.779982349380913,47.85604579
lake,libavif,5,42,lake.s5.q42,86490,3.905641794204712,0.6921679310200215,44.98334189
lake,webp,5,42,lake.q29,130680,0.31085968017578125,8.696399605350349,44.80539438
lake,libavif,6,42,lake.s6.q42,87387,1.2313451766967773,2.1954526246264012,43.50217262
lake,libavif,7,42,lake.s7.q42,96334,0.794842004776001,3.4011287573583253,44.59231632
lake,webp,7,42,lake.q29,130680,0.31085968017578125,8.696399605350349,44.80539438
lake,libavif,8,42,lake.s8.q42,93420,0.37439537048339844,7.2206021044265905,41.68801369
lake,libavif,5,44,lake.s5.q44,74570,3.950133800506592,0.6843717546107687,38.5889182
lake,webp,5,44,lake.q23.5,115068,0.2999279499053955,9.013364712600826,37.85579089
lake,libavif,6,44,lake.s6.q44,75352,1.183788776397705,2.2836506426648033,37.15172525
lake,libavif,7,44,lake.s7.q44,82773,0.7646307945251465,3.5355102349478997,38.2546586
lake,webp,7,44,lake.q23.5,115068,0.2999279499053955,9.013364712600826,37.85579089
lake,libavif,8,44,lake.s8.q44,79890,0.3603324890136719,7.502404258355477,34.56822968
munhell,libavif,5,10,munhell.s5.q10,20427,0.47532057762145996,0.3308651200984732,93.24678975
munhell,webp,5,10,munhell.q100,19058,0.026993989944458008,5.826000540253133,93.14482476
munhell,libavif,6,10,munhell.s6.q10,21747,0.30005836486816406,0.524121365751953,93.25439541
munhell,libavif,7,10,munhell.s7.q10,24763,0.19158172607421875,0.8208872694834932,92.89510113
munhell,webp,7,10,munhell.q95,16442,0.026484012603759766,5.93818626931456,92.92434288
munhell,libavif,8,10,munhell.s8.q10,25052,0.04608035087585449,3.4128863389884883,93.18195491
munhell,libavif,5,12,munhell.s5.q12,19683,0.4783775806427002,0.32875077420792126,92.99838897
munhell,webp,5,12,munhell.q97,17404,0.026600122451782227,5.9122660162589975,92.992818
munhell,libavif,6,12,munhell.s6.q12,20962,0.2987504005432129,0.5264160306196879,93.17334233
munhell,libavif,7,12,munhell.s7.q12,23706,0.1898362636566162,0.8284349732276186,92.78763265
munhell,webp,7,12,munhell.q94.5,16014,0.026585102081298828,5.915606399368644,92.76831795
munhell,libavif,8,12,munhell.s8.q12,24066,0.045493364334106445,3.4569217357727204,92.96296546
munhell,libavif,5,14,munhell.s5.q14,19076,0.4792203903198242,0.32817259694447154,92.71032929
munhell,webp,5,14,munhell.q94.5,16014,0.026585102081298828,5.915606399368644,92.76831795
munhell,libavif,6,14,munhell.s6.q14,20412,0.29934239387512207,0.5253749659849642,92.71979333
munhell,libavif,7,14,munhell.s7.q14,22962,0.1912822723388672,0.8221723742459143,92.46554669
munhell,webp,7,14,munhell.q93.5,15536,0.026485443115234375,5.937865540544434,92.42997881
munhell,libavif,8,14,munhell.s8.q14,23375,0.046230316162109375,3.401815368264708,92.69355005
munhell,libavif,5,16,munhell.s5.q16,18516,0.47645068168640137,0.3300803336944593,92.61191825
munhell,webp,5,16,munhell.q94,15996,0.026309728622436523,5.977522697284121,92.63690105
munhell,libavif,6,16,munhell.s6.q16,19892,0.29706859588623047,0.529396247795338,92.63444072
munhell,libavif,7,16,munhell.s7.q16,22002,0.1892859935760498,0.8308433023958243,92.08785332
munhell,webp,7,16,munhell.q91.5,14762,0.02657604217529297,5.917623059245703,92.07601063
munhell,libavif,8,16,munhell.s8.q16,22554,0.04545140266418457,3.460113237031636,92.63446129
munhell,libavif,5,18,munhell.s5.q18,18091,0.4793853759765625,0.32805965279943977,92.31858816
munhell,webp,5,18,munhell.q92.5,15172,0.026630640029907227,5.905490811463156,92.29985056
munhell,libavif,6,18,munhell.s6.q18,19490,0.2961139678955078,0.5311029436324871,92.39135991
munhell,libavif,7,18,munhell.s7.q18,21256,0.19127774238586426,0.8221918454199734,91.66771895
munhell,webp,7,18,munhell.q90,14170,0.025726318359375,6.1130783582443655,91.61674138
munhell,libavif,8,18,munhell.s8.q18,22146,0.04582023620605469,3.432260787412063,92.43279926
munhell,libavif,5,20,munhell.s5.q20,17706,0.48624467849731445,0.3234318172612527,91.65622508
munhell,webp,5,20,munhell.q90,14170,0.025726318359375,6.1130783582443655,91.61674138
munhell,libavif,6,20,munhell.s6.q20,18949,0.30002856254577637,0.5241734275749338,91.85245872
munhell,libavif,7,20,munhell.s7.q20,20647,0.19070935249328613,0.8246423048682762,91.45280193
munhell,webp,7,20,munhell.q89.5,13956,0.025836467742919922,6.087016288946718,91.4616276
munhell,libavif,8,20,munhell.s8.q20,21578,0.04558825492858887,3.4497262561672706,92.12022478
munhell,libavif,5,22,munhell.s5.q22,17393,0.4791257381439209,0.3282374280480832,91.46129493
munhell,webp,5,22,munhell.q89.5,13956,0.025836467742919922,6.087016288946718,91.4616276
munhell,libavif,6,22,munhell.s6.q22,18567,0.3009636402130127,0.5225448492339185,91.74034654
munhell,libavif,7,22,munhell.s7.q22,19999,0.18898296356201172,0.832175541306904,91.17279597
munhell,webp,7,22,munhell.q88,13418,0.025710582733154297,6.116819740425452,91.12236221
munhell,libavif,8,22,munhell.s8.q22,21058,0.04473066329956055,3.515865591949428,92.07909236
munhell,libavif,5,24,munhell.s5.q24,17020,0.4920508861541748,0.3196153170847524,91.41019892
munhell,webp,5,24,munhell.q89.5,13956,0.025836467742919922,6.087016288946718,91.4616276
munhell,libavif,6,24,munhell.s6.q24,18206,0.2985086441040039,0.5268423648904664,91.19737381
munhell,libavif,7,24,munhell.s7.q24,19638,0.18887972831726074,0.8326303801953753,90.97948091
munhell,webp,7,24,munhell.q87,13300,0.026198387145996094,6.00292678795821,90.89770312
munhell,libavif,8,24,munhell.s8.q24,20688,0.045060157775878906,3.4901564433532983,91.78945391
munhell,libavif,5,26,munhell.s5.q26,16437,0.4861900806427002,0.3234681377952157,90.91563654
munhell,webp,5,26,munhell.q87,13300,0.026198387145996094,6.00292678795821,90.89770312
munhell,libavif,6,26,munhell.s6.q26,17712,0.3012518882751465,0.5220448605333262,90.78684793
munhell,libavif,7,26,munhell.s7.q26,19168,0.19023966789245605,0.8266782724247829,90.2258664
munhell,webp,7,26,munhell.q84.5,12720,0.02564716339111328,6.131945182463838,90.24049946
munhell,libavif,8,26,munhell.s8.q26,20267,0.04464125633239746,3.52290712494726,91.42469873
munhell,libavif,5,28,munhell.s5.q28,16089,0.4882466793060303,0.32210562132963516,90.61644492
munhell,webp,5,28,munhell.q86,13064,0.026287078857421875,5.982673116819039,90.51465916
munhell,libavif,6,28,munhell.s6.q28,17241,0.29825329780578613,0.5272934152178518,90.38254861
munhell,libavif,7,28,munhell.s7.q28,18482,0.189528226852417,0.8297814136279639,89.27327376
munhell,webp,7,28,munhell.q83,12512,0.025727033615112305,6.112908404162844,89.27141395
munhell,libavif,8,28,munhell.s8.q28,19874,0.04498744010925293,3.495797929779375,91.18705883
munhell,libavif,5,30,munhell.s5.q30,15626,0.4877908229827881,0.32240663946551784,89.53816764
munhell,webp,5,30,munhell.q83.5,12580,0.02590012550354004,6.072055518746605,89.55752719
munhell,libavif,6,30,munhell.s6.q30,16928,0.3010876178741455,0.5223296830019012,89.35320713
munhell,libavif,7,30,munhell.s7.q30,17936,0.1884911060333252,0.8343470591773982,88.2652795
munhell,webp,7,30,munhell.q77,11578,0.025559186935424805,6.153051753850173,88.20970038
munhell,libavif,8,30,munhell.s8.q30,19500,0.04614377021789551,3.408195716504513,90.92343649
munhell,libavif,5,32,munhell.s5.q32,15159,0.5040450096130371,0.3120098344406509,88.25318321
munhell,webp,5,32,munhell.q77,11578,0.025559186935424805,6.153051753850173,88.20970038
munhell,libavif,6,32,munhell.s6.q32,16299,0.3106050491333008,0.5063246732106615,88.02240708
munhell,libavif,7,32,munhell.s7.q32,17354,0.18848896026611328,0.8343565574236638,86.80341753
munhell,webp,7,32,munhell.q69.5,11056,0.025441884994506836,6.181420914132564,86.86218072
munhell,libavif,8,32,munhell.s8.q32,18993,0.04487466812133789,3.5045830216451135,90.07447439
munhell,libavif,5,34,munhell.s5.q34,14734,0.5014674663543701,0.3136135652893277,87.41319483
munhell,webp,5,34,munhell.q75,11300,0.02536153793334961,6.201004072122887,87.46481253
munhell,libavif,6,34,munhell.s6.q34,15765,0.3127279281616211,0.5028876088058332,86.81494982
munhell,libavif,7,34,munhell.s7.q34,16630,0.1902909278869629,0.8264555843325341,85.41612633
munhell,webp,7,34,munhell.q50,10320,0.025363683700561523,6.200479467283307,85.60172895
munhell,libavif,8,34,munhell.s8.q34,18435,0.044384002685546875,3.5433262095401807,89.47602854
munhell,libavif,5,36,munhell.s5.q36,14257,0.5069966316223145,0.3101933823441169,86.02019343
munhell,webp,5,36,munhell.q65,10854,0.025447368621826172,6.1800888860906555,86.18930717
munhell,libavif,6,36,munhell.s6.q36,15428,0.3084261417388916,0.5099016546176544,85.58022214
munhell,libavif,7,36,munhell.s7.q36,16126,0.18700265884399414,0.8409880424812519,84.35366851
munhell,webp,7,36,munhell.q44.5,10126,0.02542710304260254,6.185014460219973,84.38172012
munhell,libavif,8,36,munhell.s8.q36,18025,0.044219255447387695,3.5565275445923574,88.72052347
munhell,libavif,5,38,munhell.s5.q38,13947,0.5022940635681152,0.31309746900616775,84.91230505
munhell,webp,5,38,munhell.q47.5,10240,0.025554418563842773,6.1541998933412945,85.03487012
munhell,libavif,6,38,munhell.s6.q38,14923,0.30699825286865234,0.5122732736439575,83.67064017
munhell,libavif,7,38,munhell.s7.q38,15806,0.186082124710083,0.84514834643587,81.86472534
munhell,webp,7,38,munhell.q33.5,9678,0.026757478713989258,5.877496967521764,81.78105898
munhell,libavif,8,38,munhell.s8.q38,17565,0.04351806640625,3.6138324375876576,87.56815323
munhell,libavif,5,40,munhell.s5.q40,13588,0.49943017959594727,0.3148928647588604,83.03753712
munhell,webp,5,40,munhell.q37.5,9834,0.02532958984375,6.2088253686747,83.07898199
munhell,libavif,6,40,munhell.s6.q40,14594,0.30417418479919434,0.5170294122882994,82.44553292
munhell,libavif,7,40,munhell.s7.q40,15265,0.1880173683166504,0.8364493206560472,79.45249081
munhell,webp,7,40,munhell.q26,9318,0.02576279640197754,6.104422732150624,79.39395371
munhell,libavif,8,40,munhell.s8.q40,16981,0.04305219650268555,3.6529378934287324,85.32820176
munhell,libavif,5,42,munhell.s5.q42,13183,0.4975857734680176,0.3160600812677945,80.70271832
munhell,webp,5,42,munhell.q29.5,9464,0.025386333465576172,6.194947380379046,80.62530445
munhell,libavif,6,42,munhell.s6.q42,14132,0.30402541160583496,0.5172824178391202,79.96875215
munhell,libavif,7,42,munhell.s7.q42,14971,0.18872714042663574,0.8333035706707733,77.89398145
munhell,webp,7,42,munhell.q24,9198,0.025426149368286133,6.185246445384219,77.95804886
munhell,libavif,8,42,munhell.s8.q42,16458,0.0431976318359375,3.640639389614977,82.56792565
munhell,libavif,5,44,munhell.s5.q44,12899,0.5218431949615479,0.3013683066454249,78.68254313
munhell,webp,5,44,munhell.q25.5,9274,0.025176525115966797,6.246572919638629,78.981333
munhell,libavif,6,44,munhell.s6.q44,13872,0.31014013290405273,0.5070836802944599,78.48782246
munhell,libavif,7,44,munhell.s7.q44,14674,0.18393921852111816,0.8549943903450046,75.4112674
munhell,webp,7,44,munhell.q17.5,8898,0.02534937858581543,6.203978510463399,75.77637911
munhell,libavif,8,44,munhell.s8.q44,16058,0.042694091796875,3.6835775954253034,80.37806479
mars,libavif,5,10,mars.s5.q10,202177,3.6586101055145264,0.38232661028614384,86.12901025
mars,webp,5,10,mars.q96,330870,0.21245574951171875,6.583883953316335,85.9249172
mars,libavif,6,10,mars.s6.q10,200713,0.590104341506958,2.3704011335146338,85.54894355
mars,libavif,7,10,mars.s7.q10,226388,0.48795008659362793,2.8666538615965615,86.58523632
mars,webp,7,10,mars.q97,344858,0.2230541706085205,6.271050642917535,86.35542796
mars,libavif,8,10,mars.s8.q10,228524,0.27813029289245605,5.029240020758416,86.49799949
mars,libavif,5,12,mars.s5.q12,172186,3.3295865058898926,0.42010742100426357,84.67448556
mars,webp,5,12,mars.q94,265302,0.1996138095855713,7.007451052129554,84.69553297
mars,libavif,6,12,mars.s6.q12,173747,0.5527658462524414,2.5305181379842208,84.05532872
mars,libavif,7,12,mars.s7.q12,192170,0.4600057601928711,3.0407967052706435,84.9941495
mars,webp,7,12,mars.q94.5,275664,0.20065021514892578,6.971255918972229,84.94602263
mars,libavif,8,12,mars.s8.q12,192325,0.2658507823944092,5.2615380229530455,84.8483539
mars,libavif,5,14,mars.s5.q14,150802,3.0832290649414062,0.4536750175020105,83.39578248
mars,webp,5,14,mars.q92.5,228972,0.20186209678649902,6.92940389636116,83.50163362
mars,libavif,6,14,mars.s6.q14,154165,0.5313034057617188,2.632740511035483,82.68062986
mars,libavif,7,14,mars.s7.q14,166823,0.43947935104370117,3.1828207552370467,83.39808692
mars,webp,7,14,mars.q92.5,228972,0.20186209678649902,6.92940389636116,83.50163362
mars,libavif,8,14,mars.s8.q14,166110,0.25009799003601074,5.592943788946861,83.21157735
mars,libavif,5,16,mars.s5.q16,133119,2.848273515701294,0.49109890334938405,82.1680398
mars,webp,5,16,mars.q91.5,213148,0.19030022621154785,7.350406396496016,82.60111468
mars,libavif,6,16,mars.s6.q16,137582,0.510948657989502,2.737621438333907,81.14837045
mars,libavif,7,16,mars.s7.q16,148295,0.4223001003265381,3.312298526375931,81.78684316
mars,webp,7,16,mars.q91,191634,0.1850438117980957,7.559204419795653,81.62803588
mars,libavif,8,16,mars.s8.q16,147184,0.23993563652038574,5.829830117299623,81.49404421
mars,libavif,5,18,mars.s5.q18,120106,2.7101290225982666,0.5161318846211063,80.83059925
mars,webp,5,18,mars.q89.5,180468,0.18341374397277832,7.626385949613477,80.94881361
mars,libavif,6,18,mars.s6.q18,124512,0.49698972702026367,2.81451290429383,79.74840552
mars,libavif,7,18,mars.s7.q18,130508,0.4063692092895508,3.4421505567448705,80.16670862
mars,webp,7,18,mars.q89,173616,0.18222618103027344,7.676086894273542,80.1379611
mars,libavif,8,18,mars.s8.q18,131022,0.23095273971557617,6.056581107124496,79.74538689
mars,libavif,5,20,mars.s5.q20,108098,2.5898680686950684,0.5400985544042758,79.344766
mars,webp,5,20,mars.q89,173616,0.18222618103027344,7.676086894273542,80.1379611
mars,libavif,6,20,mars.s6.q20,113170,0.4805412292480469,2.910851171269578,78.22382543
mars,libavif,7,20,mars.s7.q20,116495,0.3952758312225342,3.538754180020954,78.41571988
mars,webp,7,20,mars.q88.5,159380,0.17902541160583496,7.813326540925599,78.21216146
mars,libavif,8,20,mars.s8.q20,118521,0.22471261024475098,6.2247685987737045,78.08420542
mars,libavif,5,22,mars.s5.q22,99105,2.5342679023742676,0.5519479604699754,78.10900965
mars,webp,5,22,mars.q88,158702,0.1804370880126953,7.752197818120316,78.14550148
mars,libavif,6,22,mars.s6.q22,103030,0.7018294334411621,1.99305405751021,76.99469315
mars,libavif,7,22,mars.s7.q22,104707,0.38594484329223633,3.6243106348252065,76.67604433
mars,webp,7,22,mars.q86,137378,0.1752779483795166,7.980376384662574,76.74026535
mars,libavif,8,22,mars.s8.q22,107272,0.218186616897583,6.410952330117435,76.39009795
mars,libavif,5,24,mars.s5.q24,90373,2.4324734210968018,0.5750459544052443,76.44660428
mars,webp,5,24,mars.q86,137378,0.1752779483795166,7.980376384662574,76.74026535
mars,libavif,6,24,mars.s6.q24,93780,0.6825852394104004,2.0492444302022026,75.36691107
mars,libavif,7,24,mars.s7.q24,96154,0.3755776882171631,3.7243532932957613,75.12525681
mars,webp,7,24,mars.q84.5,126132,0.17360162734985352,8.057435989243796,75.10920441
mars,libavif,8,24,mars.s8.q24,98175,0.2139279842376709,6.5385742075051345,74.66319628
mars,libavif,5,26,mars.s5.q26,78472,2.303638458251953,0.6072063934292126,73.89966166
mars,webp,5,26,mars.q83.5,117178,0.17015862464904785,8.220470768878108,73.36877044
mars,libavif,6,26,mars.s6.q26,81385,0.6529123783111572,2.1423762919277722,72.48812661
mars,libavif,7,26,mars.s7.q26,87545,0.3695228099822998,3.7853793114070604,73.30240956
mars,webp,7,26,mars.q83.5,117178,0.17015862464904785,8.220470768878108,73.36877044
mars,libavif,8,26,mars.s8.q26,89435,0.20659136772155762,6.770776608078181,72.73925273
mars,libavif,5,28,mars.s5.q28,69004,2.1790153980255127,0.6419339676385446,71.29338328
mars,webp,5,28,mars.q81,104896,0.16689491271972656,8.381226109324466,71.47101217
mars,libavif,6,28,mars.s6.q28,71591,0.6310667991638184,2.2165387275220767,69.84926275
mars,libavif,7,28,mars.s7.q28,75273,0.35259222984313965,3.9671435772203134,70.06852767
mars,webp,7,28,mars.q79.5,96996,0.16643214225769043,8.40453040515595,69.97534929
mars,libavif,8,28,mars.s8.q28,77525,0.19910240173339844,7.025450159425982,69.57102054
mars,libavif,5,30,mars.s5.q30,61480,2.1022064685821533,0.6653884958043246,68.66676163
mars,webp,5,30,mars.q78.5,93612,0.16479825973510742,8.487856620867055,68.63487402
mars,libavif,6,30,mars.s6.q30,63677,0.6066350936889648,2.3058079141019614,66.67605064
mars,libavif,7,30,mars.s7.q30,65632,0.3422713279724121,4.086769430224507,66.95014954
mars,webp,7,30,mars.q76.5,85436,0.16161441802978516,8.65506937470274,66.78473989
mars,libavif,8,30,mars.s8.q30,67996,0.19222116470336914,7.276951017119099,66.20429187
mars,libavif,5,32,mars.s5.q32,52717,2.0832784175872803,0.67143401870403,64.80426977
mars,webp,5,32,mars.q73,77734,0.16031146049499512,8.72541486229969,64.77639212
mars,libavif,6,32,mars.s6.q32,54750,0.5878114700317383,2.3796473381583962,62.9287146
mars,libavif,7,32,mars.s7.q32,57989,0.33162498474121094,4.217969285672381,63.42212753
mars,webp,7,32,mars.q69.5,73920,0.1589646339416504,8.799340867940716,63.3935619
mars,libavif,8,32,mars.s8.q32,60290,0.185805082321167,7.528233256731804,62.86787391
mars,libavif,5,34,mars.s5.q34,46264,1.9547843933105469,0.7155694534838565,61.5641106
mars,webp,5,34,mars.q65,70114,0.15813875198364258,8.845295555036923,61.66763329
mars,libavif,6,34,mars.s6.q34,48014,0.5656561851501465,2.4728519491547853,59.66977052
mars,libavif,7,34,mars.s7.q34,49506,0.3221092224121094,4.342576687265364,59.36166615
mars,webp,7,34,mars.q59.5,64968,0.15624499320983887,8.95250446919228,59.2365066
mars,libavif,8,34,mars.s8.q34,51636,0.18007183074951172,7.767922357305144,58.69312803
mars,libavif,5,36,mars.s5.q36,39716,1.8319511413574219,0.7635487477922268,57.61996765
mars,webp,5,36,mars.q55.5,60852,0.15525460243225098,9.009613744690064,57.64614641
mars,libavif,6,36,mars.s6.q36,41224,0.5327861309051514,2.625413686395333,55.62656828
mars,libavif,7,36,mars.s7.q36,43454,0.31203460693359375,4.4827848223183935,55.4923879
mars,webp,7,36,mars.q48.5,55678,0.15331339836120605,9.123690525106408,55.36068599
mars,libavif,8,36,mars.s8.q36,45012,0.1711115837097168,8.174689110311636,54.5458498
mars,libavif,5,38,mars.s5.q38,34219,1.7070298194885254,0.8194256386330236,53.27072334
mars,webp,5,38,mars.q44.5,51742,0.1515953540802002,9.227090160427908,53.39784853
mars,libavif,6,38,mars.s6.q38,35573,0.5041897296905518,2.774320692447481,51.30556504
mars,libavif,7,38,mars.s7.q38,36969,0.2990756034851074,4.677024751267126,51.29967779
mars,webp,7,38,mars.q41,48128,0.14967656135559082,9.345377708650519,51.16502549
mars,libavif,8,38,mars.s8.q38,38461,0.16440367698669434,8.508228195609078,49.95350185
mars,libavif,5,40,mars.s5.q40,29541,1.614438772201538,0.8664212134180478,48.94692923
mars,webp,5,40,mars.q36,44332,0.14857983589172363,9.414359570428875,49.04877772
mars,libavif,6,40,mars.s6.q40,30913,0.48220038414001465,2.900835515705107,47.24999919
mars,libavif,7,40,mars.s7.q40,31846,0.2877390384674072,4.861293787073119,46.41854011
mars,webp,7,40,mars.q32,40828,0.15942835807800293,8.773746508231755,46.39947598
mars,libavif,8,40,mars.s8.q40,32975,0.1576542854309082,8.872476864024197,45.21693676
mars,libavif,5,42,mars.s5.q42,25681,1.5425853729248047,0.906778985819014,44.79367523
mars,webp,5,42,mars.q29,38032,0.14624714851379395,9.564521525478273,44.74262333
mars,libavif,6,42,mars.s6.q42,26583,0.4531693458557129,3.0866695039989893,42.93179538
mars,libavif,7,42,mars.s7.q42,27156,0.27893805503845215,5.01467610723526,41.75856083
mars,webp,7,42,mars.q24.5,35182,0.14771747589111328,9.469319669604177,41.75234263
mars,libavif,8,42,mars.s8.q42,28168,0.15200281143188477,9.202356106596229,40.17978149
mars,libavif,5,44,mars.s5.q44,22056,1.4806139469146729,0.9447324219218713,40.13113543
mars,webp,5,44,mars.q22.5,33460,0.14675092697143555,9.531687661995262,40.2146016
mars,libavif,6,44,mars.s6.q44,22758,0.4881327152252197,2.865581339604772,37.84233897
mars,libavif,7,44,mars.s7.q44,23483,0.26950764656066895,5.190145874711273,37.16307486
mars,webp,7,44,mars.q19,30728,0.14565682411193848,9.603285040219076,36.98511476
mars,libavif,8,44,mars.s8.q44,24215,0.1464860439300537,9.54892331359506,34.80221857
dawn,libavif,5,10,dawn.s5.q10,33016,1.6006858348846436,0.7791860044103434,89.06581607
dawn,webp,5,10,dawn.q99,107376,0.126753568649292,9.839817634254565,85.61604876
dawn,libavif,6,10,dawn.s6.q10,36522,0.2784709930419922,4.478857874478593,87.81212801
dawn,libavif,7,10,dawn.s7.q10,39151,0.26037049293518066,4.790220220194072,88.11755335
dawn,webp,7,10,dawn.q99,107376,0.126753568649292,9.839817634254565,85.61604876
dawn,libavif,8,10,dawn.s8.q10,50601,0.14733624458312988,8.465208296362462,87.05295045
dawn,libavif,5,12,dawn.s5.q12,29403,1.4902126789093018,0.8369489923497757,88.18309756
dawn,webp,5,12,dawn.q99,107376,0.126753568649292,9.839817634254565,85.61604876
dawn,libavif,6,12,dawn.s6.q12,32680,0.26784777641296387,4.656495628610466,87.01443587
dawn,libavif,7,12,dawn.s7.q12,34075,0.2468552589416504,5.052483002984395,87.17766147
dawn,webp,7,12,dawn.q99,107376,0.126753568649292,9.839817634254565,85.61604876
dawn,libavif,8,12,dawn.s8.q12,43715,0.14240312576293945,8.758459432107447,85.88289497
dawn,libavif,5,14,dawn.s5.q14,26917,1.4382734298706055,0.8671730799561579,87.70462517
dawn,webp,5,14,dawn.q99,107376,0.126753568649292,9.839817634254565,85.61604876
dawn,libavif,6,14,dawn.s6.q14,29657,0.262465238571167,4.751989279760624,86.3684073
dawn,libavif,7,14,dawn.s7.q14,30348,0.23848390579223633,5.229837191137629,86.19088948
dawn,webp,7,14,dawn.q99,107376,0.126753568649292,9.839817634254565,85.61604876
dawn,libavif,8,14,dawn.s8.q14,38917,0.1396641731262207,8.930221488318418,84.33345501
dawn,libavif,5,16,dawn.s5.q16,24776,1.415996789932251,0.8808155561282554,86.96948836
dawn,webp,5,16,dawn.q99,107376,0.126753568649292,9.839817634254565,85.61604876
dawn,libavif,6,16,dawn.s6.q16,27222,0.25890541076660156,4.817326900612195,85.33197389
dawn,libavif,7,16,dawn.s7.q16,27849,0.23443961143493652,5.320056590974779,85.12009618
dawn,webp,7,16,dawn.q96,78160,0.12015485763549805,10.38020455056095,85.17415908
dawn,libavif,8,16,dawn.s8.q16,35527,0.13626861572265625,9.15274579833156,82.95050471
dawn,libavif,5,18,dawn.s5.q18,23130,1.3910784721374512,0.8965935603069,86.24641908
dawn,webp,5,18,dawn.q99,107376,0.126753568649292,9.839817634254565,85.61604876
dawn,libavif,6,18,dawn.s6.q18,25474,0.2545320987701416,4.900097103769723,84.64552534
dawn,libavif,7,18,dawn.s7.q18,25313,0.22893428802490234,5.4479912588031905,84.19699694
dawn,webp,7,18,dawn.q93,58466,0.11694717407226562,10.664917813484687,84.06694991
dawn,libavif,8,18,dawn.s8.q18,32252,0.1338188648223877,9.32030025553871,81.34176682
dawn,libavif,5,20,dawn.s5.q20,21528,1.3831329345703125,0.9017441265596557,85.42702335
dawn,webp,5,20,dawn.q97,85756,0.12076830863952637,10.327477581248433,85.45489331
dawn,libavif,6,20,dawn.s6.q20,23851,0.25137925148010254,4.961555071297212,83.808092
dawn,libavif,7,20,dawn.s7.q20,23744,0.22769999504089355,5.4775231759491465,82.88893673
dawn,webp,7,20,dawn.q89.5,45864,0.11268258094787598,11.068543065914836,82.9056796
dawn,libavif,8,20,dawn.s8.q20,29692,0.13163089752197266,9.475222181720703,80.20501373
dawn,libavif,5,22,dawn.s5.q22,20325,1.3932163715362549,0.8952177317760898,85.06685502
dawn,webp,5,22,dawn.q95.5,77404,0.11871695518493652,10.505929823225923,85.05592308
dawn,libavif,6,22,dawn.s6.q22,21798,0.35983920097351074,3.46608150703351,83.37658439
dawn,libavif,7,22,dawn.s7.q22,22077,0.21993041038513184,5.671030203671724,81.62478724
dawn,webp,7,22,dawn.q87,40906,0.1121523380279541,11.120873821543748,81.74109486
dawn,libavif,8,22,dawn.s8.q22,27472,0.13433051109313965,9.284800525587348,78.97318285
dawn,libavif,5,24,dawn.s5.q24,19187,1.3802540302276611,0.9036249651770838,84.30853646
dawn,webp,5,24,dawn.q94,62634,0.11603021621704102,10.749199998619178,84.44234527
dawn,libavif,6,24,dawn.s6.q24,20589,0.35739970207214355,3.489739898407184,82.74644492
dawn,libavif,7,24,dawn.s7.q24,20757,0.218505859375,5.708002538547486,80.62671816
dawn,webp,7,24,dawn.q85.5,38004,0.10963940620422363,11.375763908067873,80.51996063
dawn,libavif,8,24,dawn.s8.q24,25976,0.1306445598602295,9.546758022946804,77.92484715
dawn,libavif,5,26,dawn.s5.q26,17461,1.3634862899780273,0.9147374705323214,83.07697371
dawn,webp,5,26,dawn.q90,46942,0.11293172836303711,11.044123897498258,83.00575225
dawn,libavif,6,26,dawn.s6.q26,19047,0.35025501251220703,3.5609254841328832,81.50975531
dawn,libavif,7,26,dawn.s7.q26,19721,0.2147519588470459,5.807779387420274,79.11412874
dawn,webp,7,26,dawn.q82,33788,0.10802197456359863,11.546095181454808,79.48628926
dawn,libavif,8,26,dawn.s8.q26,24131,0.12841320037841797,9.712646334835982,76.24394847
dawn,libavif,5,28,dawn.s5.q28,16235,1.3325929641723633,0.9359437078932962,81.91092982
dawn,webp,5,28,dawn.q87.5,41740,0.11153817176818848,11.182109050452627,81.93195067
dawn,libavif,6,28,dawn.s6.q28,17523,0.3428466320037842,3.6378715249745657,79.78506312
dawn,libavif,7,28,dawn.s7.q28,17725,0.21009039878845215,5.936644450163019,76.19716365
dawn,webp,7,28,dawn.q77,28966,0.10558772087097168,11.812282618772679,76.13958255
dawn,libavif,8,28,dawn.s8.q28,21636,0.13071465492248535,9.54163862299615,73.38482134
dawn,libavif,5,30,dawn.s5.q30,15066,1.3100686073303223,0.9520356361653672,80.78251264
dawn,webp,5,30,dawn.q85.5,38004,0.10963940620422363,11.375763908067873,80.51996063
dawn,libavif,6,30,dawn.s6.q30,16316,0.3409595489501953,3.6580057776360615,78.49169722
dawn,libavif,7,30,dawn.s7.q30,16123,0.20672321319580078,6.033342751975641,71.41037139
dawn,webp,7,30,dawn.q61.5,23784,0.10392951965332031,12.000748239387764,71.42635144
dawn,libavif,8,30,dawn.s8.q30,19687,0.1271212100982666,9.811360346836464,68.99998394
dawn,libavif,5,32,dawn.s5.q32,13833,1.3088645935058594,0.9529114059531755,78.62215516
dawn,webp,5,32,dawn.q81.5,33146,0.10834002494812012,11.512199675025473,78.6371833
dawn,libavif,6,32,dawn.s6.q32,14898,0.33817195892333984,3.6881591364668256,76.69636407
dawn,libavif,7,32,dawn.s7.q32,15167,0.20278120040893555,6.150629335879208,69.30903896
dawn,webp,7,32,dawn.q49.5,21482,0.10270905494689941,12.143349976735928,69.37582402
dawn,libavif,8,32,dawn.s8.q32,18095,0.12426424026489258,10.036934176246447,65.99796415
dawn,libavif,5,34,dawn.s5.q34,12782,1.3068702220916748,0.9543656125271395,77.93505548
dawn,webp,5,34,dawn.q80.5,32196,0.10705780982971191,11.650079540986964,77.81510795
dawn,libavif,6,34,dawn.s6.q34,13751,0.33273959159851074,3.7483726959217143,75.4619908
dawn,libavif,7,34,dawn.s7.q34,13601,0.20606565475463867,6.052595234684174,66.21367292
dawn,webp,7,34,dawn.q39,19130,0.10499763488769531,11.878667565550689,66.20757874
dawn,libavif,8,34,dawn.s8.q34,16288,0.12604784965515137,9.894908984264674,62.6821952
dawn,libavif,5,36,dawn.s5.q36,11612,1.3046061992645264,0.9560218253624188,76.13284313
dawn,webp,5,36,dawn.q77,28966,0.10558772087097168,11.812282618772679,76.13958255
dawn,libavif,6,36,dawn.s6.q36,12552,0.32738161087036133,3.8097191735484706,72.96203684
dawn,libavif,7,36,dawn.s7.q36,12574,0.19877290725708008,6.274657936088395,64.07104043
dawn,webp,7,36,dawn.q32,17526,0.10400843620300293,11.991642654502193,63.98367195
dawn,libavif,8,36,dawn.s8.q36,14870,0.12320446968078613,10.123269092683795,59.86132123
dawn,libavif,5,38,dawn.s5.q38,10826,1.2740366458892822,0.9789608517339213,73.86049506
dawn,webp,5,38,dawn.q70,25706,0.10503125190734863,11.874865598100483,73.8644411
dawn,libavif,6,38,dawn.s6.q38,11612,0.3250768184661865,3.8367300562520215,70.1354692
dawn,libavif,7,38,dawn.s7.q38,11285,0.19848084449768066,6.283891038233538,59.67596078
dawn,webp,7,38,dawn.q22,15490,0.10301876068115234,12.106843372541032,59.35604596
dawn,libavif,8,38,dawn.s8.q38,13444,0.11993288993835449,10.399415878672459,55.99535806
dawn,libavif,5,40,dawn.s5.q40,9757,1.2165851593017578,1.0251908717313563,71.17837087
dawn,webp,5,40,dawn.q59,23286,0.10375308990478516,12.021155236384693,71.16686376
dawn,libavif,6,40,dawn.s6.q40,10668,0.31915855407714844,3.907875831830324,67.70541786
dawn,libavif,7,40,dawn.s7.q40,10237,0.19333553314208984,6.451126597009771,56.35143563
dawn,webp,7,40,dawn.q18.5,14872,0.10817813873291016,11.529427429689774,56.63716755
dawn,libavif,8,40,dawn.s8.q40,12116,0.11783957481384277,10.584152242320261,50.88189426
dawn,libavif,5,42,dawn.s5.q42,9164,1.239171028137207,1.0065051326086203,69.23469921
dawn,webp,5,42,dawn.q49,21500,0.10283875465393066,12.128034846368386,69.2085593
dawn,libavif,6,42,dawn.s6.q42,9656,0.3179161548614502,3.9231476001700867,64.45126747
dawn,libavif,7,42,dawn.s7.q42,9324,0.18960785865783691,6.577955200953634,51.3146412
dawn,webp,7,42,dawn.q10.5,13028,0.10809755325317383,11.5380224849204,51.03804491
dawn,libavif,8,42,dawn.s8.q42,11044,0.11536908149719238,10.810799425757347,46.11641432
dawn,libavif,5,44,dawn.s5.q44,8238,1.2445118427276611,1.0021857222880073,65.55765878
dawn,webp,5,44,dawn.q38.5,18890,0.10453510284423828,11.931226602975922,65.53485203
dawn,libavif,6,44,dawn.s6.q44,8716,0.35671162605285645,3.496471404089277,60.84155412
dawn,libavif,7,44,dawn.s7.q44,8575,0.18883800506591797,6.604772167364439,47.40995225
dawn,webp,7,44,dawn.q7,11966,0.10622525215148926,11.741388932843442,47.13015035
dawn,libavif,8,44,dawn.s8.q44,10004,0.11444664001464844,10.897934616869158,41.33252957
louvre,libavif,5,10,louvre.s5.q10,432755,7.02062463760376,0.29142706035603255,85.92867815
louvre,webp,5,10,louvre.q99,779448,0.35477519035339355,5.767032350717556,85.74385352
louvre,libavif,6,10,louvre.s6.q10,438072,1.111609935760498,1.8405736888275,84.94546033
louvre,libavif,7,10,louvre.s7.q10,493252,0.9097292423248291,2.2490208127985545,86.44975155
louvre,webp,7,10,louvre.q99,779448,0.35477519035339355,5.767032350717556,85.74385352
louvre,libavif,8,10,louvre.s8.q10,497624,0.5638864040374756,3.628390373221384,86.37453462
louvre,libavif,5,12,louvre.s5.q12,371119,6.351550340652466,0.3221260779285304,84.08494354
louvre,webp,5,12,louvre.q93.5,499026,0.31615424156188965,6.471524752893374,84.02557907
louvre,libavif,6,12,louvre.s6.q12,378353,1.0316524505615234,1.983226035944927,82.8802
louvre,libavif,7,12,louvre.s7.q12,414963,0.8579461574554443,2.3847650370836413,84.55223145
louvre,webp,7,12,louvre.q94.5,533242,0.3216264247894287,6.361417602236918,84.35478739
louvre,libavif,8,12,louvre.s8.q12,419593,0.5304348468780518,3.857212647400559,84.39627452
louvre,libavif,5,14,louvre.s5.q14,326654,5.980820417404175,0.34209353520231844,82.51754034
louvre,webp,5,14,louvre.q92,432092,0.30609679222106934,6.6841602133560984,82.18588104
louvre,libavif,6,14,louvre.s6.q14,333371,0.9732208251953125,2.1022978002853514,81.0353858
louvre,libavif,7,14,louvre.s7.q14,356763,0.8072009086608887,2.534684956430767,82.43386896
louvre,webp,7,14,louvre.q92,432092,0.30609679222106934,6.6841602133560984,82.18588104
louvre,libavif,8,14,louvre.s8.q14,360343,0.49701762199401855,4.116554241661522,82.21968505
louvre,libavif,5,16,louvre.s5.q16,289166,5.678354978561401,0.36031562093681396,80.7113645
louvre,webp,5,16,louvre.q89.5,372532,0.3020451068878174,6.7738226951642195,80.45389163
louvre,libavif,6,16,louvre.s6.q16,296026,0.9317569732666016,2.1958515564708123,79.025277
louvre,libavif,7,16,louvre.s7.q16,314200,0.771481990814209,2.6520385755741187,80.56866337
louvre,webp,7,16,louvre.q89.5,372532,0.3020451068878174,6.7738226951642195,80.45389163
louvre,libavif,8,16,louvre.s8.q16,317148,0.4730873107910156,4.324783086189797,80.33215304
louvre,libavif,5,18,louvre.s5.q18,261114,5.402102708816528,0.378741410573482,79.10720019
louvre,webp,5,18,louvre.q88,334622,0.28882765769958496,7.083809134816593,78.98954903
louvre,libavif,6,18,louvre.s6.q18,267438,0.9081933498382568,2.252824247572809,77.22359555
louvre,libavif,7,18,louvre.s7.q18,277322,0.7442934513092041,2.7489157621917917,78.43056724
louvre,webp,7,18,louvre.q87.5,329868,0.2871222496032715,7.125884541609164,78.85852425
louvre,libavif,8,18,louvre.s8.q18,280144,0.4535081386566162,4.5114956614905966,78.24163455
louvre,libavif,5,20,louvre.s5.q20,235136,5.2526350021362305,0.3895187842231372,77.40774086
louvre,webp,5,20,louvre.q86.5,312632,0.2842843532562256,7.197019380647867,77.57259204
louvre,libavif,6,20,louvre.s6.q20,241870,0.8806664943695068,2.3232404242479867,75.38892099
louvre,libavif,7,20,louvre.s7.q20,249751,0.7250182628631592,2.8219978789502083,76.58009117
louvre,webp,7,20,louvre.q86,295160,0.2814650535583496,7.269108452839777,76.32256484
louvre,libavif,8,20,louvre.s8.q20,252273,0.4435694217681885,4.612581254686329,76.30996149
louvre,libavif,5,22,louvre.s5.q22,215694,5.19494104385376,0.39384470059013743,76.01490998
louvre,webp,5,22,louvre.q85.5,291636,0.2819364070892334,7.256955641604801,76.17912583
louvre,libavif,6,22,louvre.s6.q22,219065,1.307288646697998,1.5650713445480222,74.27368438
louvre,libavif,7,22,louvre.s7.q22,224826,0.7071280479431152,2.8933939276646967,74.67615347
louvre,webp,7,22,louvre.q84,269006,0.2775754928588867,7.370967728192566,73.66345921
louvre,libavif,8,22,louvre.s8.q22,227382,0.4298081398010254,4.76026350023797,74.31151888
louvre,libavif,5,24,louvre.s5.q24,196359,5.00630784034729,0.4086844167892936,74.25417852
louvre,webp,5,24,louvre.q83.5,264988,0.27588868141174316,7.416034574272725,74.17997201
louvre,libavif,6,24,louvre.s6.q24,199830,1.2695386409759521,1.611609079048706,72.36332347
louvre,libavif,7,24,louvre.s7.q24,205676,0.6882109642028809,2.9729256091840615,72.85745284
louvre,webp,7,24,louvre.q84,269006,0.2775754928588867,7.370967728192566,73.66345921
louvre,libavif,8,24,louvre.s8.q24,208274,0.4163854122161865,4.913716811331807,72.38902313
louvre,libavif,5,26,louvre.s5.q26,169613,4.7431275844573975,0.43136094561412847,71.33271793
louvre,webp,5,26,louvre.q81.5,239136,0.2701435089111328,7.573752218762577,71.43311663
louvre,libavif,6,26,louvre.s6.q26,172641,1.2261481285095215,1.6686401523827894,69.30025416
louvre,libavif,7,26,louvre.s7.q26,187066,0.673558235168457,3.037599264877661,70.75333928
louvre,webp,7,26,louvre.q80.5,223472,0.2654228210449219,7.708455482257578,70.19189249
louvre,libavif,8,26,louvre.s8.q26,188715,0.4054996967315674,5.045626461601056,70.08034577
louvre,libavif,5,28,louvre.s5.q28,148776,4.534818172454834,0.4511757521895169,68.44057034
louvre,webp,5,28,louvre.q79,213876,0.26791834831237793,7.636655021530953,68.65393465
louvre,libavif,6,28,louvre.s6.q28,151469,1.1723010540008545,1.7452854734006822,66.19142461
louvre,libavif,7,28,louvre.s7.q28,161118,0.6430990695953369,3.1814693827615446,67.42061203
louvre,webp,7,28,louvre.q78,202844,0.26517605781555176,7.715628691573408,67.44692631
louvre,libavif,8,28,louvre.s8.q28,162680,0.3864784240722656,5.2939565899736465,66.58810372
louvre,libavif,5,30,louvre.s5.q30,132261,4.250131845474243,0.4813968305897816,65.79971031
louvre,webp,5,30,louvre.q76.5,189638,0.25827574729919434,7.921765869986439,65.88186697
louvre,libavif,6,30,louvre.s6.q30,134459,1.1211636066436768,1.824889773335508,63.24017631
louvre,libavif,7,30,louvre.s7.q30,140840,0.6205945014953613,3.2968387490866173,64.09896319
louvre,webp,7,30,louvre.q73.5,175324,0.2556126117706299,8.004299888911378,64.09900018
louvre,libavif,8,30,louvre.s8.q30,142257,0.37137818336486816,5.509208918688325,62.93227864
louvre,libavif,5,32,louvre.s5.q32,113314,4.125163793563843,0.4959803058468144,61.96279222
louvre,webp,5,32,louvre.q68.5,161544,0.25173020362854004,8.127749354301296,61.98748614
louvre,libavif,6,32,louvre.s6.q32,115286,1.090822696685791,1.8756485414323438,59.49953328
louvre,libavif,7,32,louvre.s7.q32,124720,0.6032462120056152,3.3916499752193308,60.77596102
louvre,webp,7,32,louvre.q66.5,154384,0.2530205249786377,8.086300509307465,60.51652344
louvre,libavif,8,32,louvre.s8.q32,126077,0.3572547435760498,5.727005832084808,59.6861441
louvre,libavif,5,34,louvre.s5.q34,98942,3.9158387184143066,0.5224934291544353,58.35428199
louvre,webp,5,34,louvre.q60,142504,0.24888300895690918,8.220729926783543,58.41203295
louvre,libavif,6,34,louvre.s6.q34,100980,1.0304293632507324,1.9855800629995737,55.8401562
louvre,libavif,7,34,louvre.s7.q34,106548,0.5816493034362793,3.5175835128016155,56.44223308
louvre,webp,7,34,louvre.q56,133644,0.24515461921691895,8.345753412827387,56.05611384
louvre,libavif,8,34,louvre.s8.q34,107601,0.34191417694091797,5.983957782345902,55.16186871
louvre,libavif,5,36,louvre.s5.q36,84638,3.624116897583008,0.5645513259697875,54.09104212
louvre,webp,5,36,louvre.q50,122798,0.24221491813659668,8.447043707052602,53.99027854
louvre,libavif,6,36,louvre.s6.q36,86612,0.9859166145324707,2.0752262106570023,51.70619936
louvre,libavif,7,36,louvre.s7.q36,93180,0.5616116523742676,3.6430868044677083,52.47011516
louvre,webp,7,36,louvre.q47,117484,0.24123072624206543,8.481506613493838,52.58324438
louvre,libavif,8,36,louvre.s8.q36,94257,0.32504916191101074,6.294432472833561,51.17235157
louvre,libavif,5,38,louvre.s5.q38,73094,3.395615577697754,0.602541705085238,49.93251305
louvre,webp,5,38,louvre.q42,107416,0.2379150390625,8.599708568496665,50.02776116
louvre,libavif,6,38,louvre.s6.q38,74453,0.93109130859375,2.197421435594887,47.32447545
louvre,libavif,7,38,louvre.s7.q38,79430,0.5428838729858398,3.7687617956803185,47.99650048
louvre,webp,7,38,louvre.q39,102492,0.23646831512451172,8.652321977778227,48.05275603
louvre,libavif,8,38,louvre.s8.q38,80558,0.30909156799316406,6.619397653853986,46.51869351
louvre,libavif,5,40,louvre.s5.q40,62482,3.167884349822998,0.6458569108163049,45.02689031
louvre,webp,5,40,louvre.q33.5,92064,0.2354273796081543,8.690577975277836,45.02419151
louvre,libavif,6,40,louvre.s6.q40,64137,0.878807783126831,2.3281541644069823,42.57532939
louvre,libavif,7,40,louvre.s7.q40,68251,0.5224359035491943,3.9162698928239754,43.07749995
louvre,webp,7,40,louvre.q31,87460,0.2342512607574463,8.734211262660034,43.2377668
louvre,libavif,8,40,louvre.s8.q40,69251,0.29452991485595703,6.946662789756409,41.71726929
louvre,libavif,5,42,louvre.s5.q42,53655,2.926185131072998,0.6992038809416531,40.57254433
louvre,webp,5,42,louvre.q26.5,79434,0.22985506057739258,8.901261494354214,40.65548605
louvre,libavif,6,42,louvre.s6.q42,54869,0.8333861827850342,2.455044302705641,37.74642591
louvre,libavif,7,42,louvre.s7.q42,58626,0.5075807571411133,4.030885669354066,38.57141899
louvre,webp,7,42,louvre.q24,74560,0.23360395431518555,8.75841338387395,38.76929066
louvre,libavif,8,42,louvre.s8.q42,59664,0.2819230556488037,7.2572993198141855,36.47453275
louvre,libavif,5,44,louvre.s5.q44,45799,2.754326343536377,0.7428313659350432,35.18849694
louvre,webp,5,44,louvre.q19.5,66868,0.2271137237548828,9.008702627799753,35.02112101
louvre,libavif,6,44,louvre.s6.q44,46803,0.8487210273742676,2.4106861194777,32.49293036
louvre,libavif,7,44,louvre.s7.q44,50191,0.4920046329498291,4.158497426605809,32.76558225
louvre,webp,7,44,louvre.q17.5,63446,0.22870254516601562,8.94611819258419,32.82180725
louvre,libavif,8,44,louvre.s8.q44,51035,0.266552209854126,7.675794551167664,30.79481822
parrots,libavif,5,10,parrots.s5.q10,58947,1.3433434963226318,0.2927144107790886,86.11694483
parrots,webp,5,10,parrots.q94,84748,0.06136679649353027,6.407634461438046,86.84005813
parrots,libavif,6,10,parrots.s6.q10,58532,0.21178889274597168,1.8566412756670834,85.53797024
parrots,libavif,7,10,parrots.s7.q10,70752,0.16931843757629395,2.322346022256549,86.58353225
parrots,webp,7,10,parrots.q94,84748,0.06136679649353027,6.407634461438046,86.84005813
parrots,libavif,8,10,parrots.s8.q10,70900,0.11277174949645996,3.4868307156336487,86.53382388
parrots,libavif,5,12,parrots.s5.q12,48340,1.1994125843048096,0.3278404822039712,84.7509835
parrots,webp,5,12,parrots.q92.5,71278,0.05903029441833496,6.661257645326365,84.99048371
parrots,libavif,6,12,parrots.s6.q12,48789,0.19798755645751953,1.9860642104766262,84.1767051
parrots,libavif,7,12,parrots.s7.q12,56631,0.15838050842285156,2.482729749485169,85.07912401
parrots,webp,7,12,parrots.q92.5,71278,0.05903029441833496,6.661257645326365,84.99048371
parrots,libavif,8,12,parrots.s8.q12,56919,0.10592770576477051,3.712116647491633,84.99653446
parrots,libavif,5,14,parrots.s5.q14,41895,1.1093027591705322,0.35447130798991483,83.73273346
parrots,webp,5,14,parrots.q91.5,63992,0.058693647384643555,6.6994643802436435,83.7129625
parrots,libavif,6,14,parrots.s6.q14,42441,0.1843886375427246,2.132539213046076,82.8905294
parrots,libavif,7,14,parrots.s7.q14,47727,0.1491684913635254,2.636052670410991,83.57282684
parrots,webp,7,14,parrots.q91.5,63992,0.058693647384643555,6.6994643802436435,83.7129625
parrots,libavif,8,14,parrots.s8.q14,47994,0.1002044677734375,3.924136405664687,83.49060799
parrots,libavif,5,16,parrots.s5.q16,36695,1.0175354480743408,0.38643960831453195,82.39722069
parrots,webp,5,16,parrots.q90,55948,0.0557253360748291,7.056323527093344,82.78354164
parrots,libavif,6,16,parrots.s6.q16,37320,0.17277932167053223,2.27582789536477,81.50049049
parrots,libavif,7,16,parrots.s7.q16,41638,0.14121246337890625,2.7845700768274892,82.29830137
parrots,webp,7,16,parrots.q89.5,52682,0.05576324462890625,7.051526549733206,81.96841043
parrots,libavif,8,16,parrots.s8.q16,41833,0.09532690048217773,4.124921695880749,82.11504026
parrots,libavif,5,18,parrots.s5.q18,32933,0.9394593238830566,0.4185556415308379,81.189988
parrots,webp,5,18,parrots.q89,52550,0.05562114715576172,7.069541354457075,81.87741555
parrots,libavif,6,18,parrots.s6.q18,33651,0.1663191318511963,2.3642259048814998,80.27863545
parrots,libavif,7,18,parrots.s7.q18,36915,0.13758063316345215,2.8580766853488835,80.77135227
parrots,webp,7,18,parrots.q88.5,47336,0.054466962814331055,7.219348751653528,80.32092074
parrots,libavif,8,18,parrots.s8.q18,37134,0.09388279914855957,4.188371070804753,80.53463781
parrots,libavif,5,20,parrots.s5.q20,29909,0.8859243392944336,0.4438482865400949,80.00887435
parrots,webp,5,20,parrots.q87.5,44244,0.05343270301818848,7.359088681441952,80.02757475
parrots,libavif,6,20,parrots.s6.q20,30622,0.1607198715209961,2.446592299251752,79.17982966
parrots,libavif,7,20,parrots.s7.q20,33460,0.13245368003845215,2.968705738382255,79.41210107
parrots,webp,7,20,parrots.q86.5,40902,0.052933692932128906,7.428463389172147,79.24623235
parrots,libavif,8,20,parrots.s8.q20,33639,0.08842587471008301,4.446843203861035,79.34857133
parrots,libavif,5,22,parrots.s5.q22,27543,0.8649585247039795,0.45460676872867745,78.95231363
parrots,webp,5,22,parrots.q86.5,40902,0.052933692932128906,7.428463389172147,79.24623235
parrots,libavif,6,22,parrots.s6.q22,28073,0.2153782844543457,1.825699378171763,78.11498789
parrots,libavif,7,22,parrots.s7.q22,30327,0.12799596786499023,3.0720967742887266,78.04501268
parrots,webp,7,22,parrots.q86,39770,0.05243396759033203,7.499260843127626,78.55811762
parrots,libavif,8,22,parrots.s8.q22,30521,0.08567500114440918,4.589623516166824,77.8871074
parrots,libavif,5,24,parrots.s5.q24,25242,0.8303430080413818,0.47355851279764527,77.63689841
parrots,webp,5,24,parrots.q85,36834,0.05165886878967285,7.611781078694623,76.99468859
parrots,libavif,6,24,parrots.s6.q24,25794,0.20795559883117676,1.8908651760764663,76.79980638
parrots,libavif,7,24,parrots.s7.q24,28097,0.12540984153747559,3.135447706330904,76.57947947
parrots,webp,7,24,parrots.q85,36834,0.05165886878967285,7.611781078694623,76.99468859
parrots,libavif,8,24,parrots.s8.q24,28342,0.08335328102111816,4.717462770306257,76.43063898
parrots,libavif,5,26,parrots.s5.q26,22018,0.7765023708343506,0.506393817674362,75.25362866
parrots,webp,5,26,parrots.q82.5,32528,0.050719499588012695,7.752757878016105,74.9271818
parrots,libavif,6,26,parrots.s6.q26,22487,0.20213055610656738,1.9453565436820373,74.18442696
parrots,libavif,7,26,parrots.s7.q26,25677,0.12220287322998047,3.217731217006532,74.9755777
parrots,webp,7,26,parrots.q82.5,32528,0.050719499588012695,7.752757878016105,74.9271818
parrots,libavif,8,26,parrots.s8.q26,25882,0.08240818977355957,4.7715645869721826,74.974393
parrots,libavif,5,28,parrots.s5.q28,19643,0.7315866947174072,0.5374838045023346,72.74497211
parrots,webp,5,28,parrots.q81,30418,0.05040264129638672,7.801495911449169,72.98236438
parrots,libavif,6,28,parrots.s6.q28,20053,0.19260811805725098,2.041533887388486,71.53786992
parrots,libavif,7,28,parrots.s7.q28,22473,0.11806583404541016,3.3304808556958343,72.20163447
parrots,webp,7,28,parrots.q80,29042,0.05000901222229004,7.862902755450458,72.21183596
parrots,libavif,8,28,parrots.s8.q28,22720,0.0784003734588623,5.015486312783007,72.15696695
parrots,libavif,5,30,parrots.s5.q30,17811,0.6918919086456299,0.5683199862384799,70.6061918
parrots,webp,5,30,parrots.q78.5,26718,0.04991769790649414,7.877286343143716,70.57916431
parrots,libavif,6,30,parrots.s6.q30,18080,0.18305182456970215,2.148112977974016,69.01802548
parrots,libavif,7,30,parrots.s7.q30,20169,0.1138007640838623,3.4553019319820244,69.28282456
parrots,webp,7,30,parrots.q77,25386,0.0489192008972168,8.038070794046261,69.24102331
parrots,libavif,8,30,parrots.s8.q30,20301,0.07561397552490234,5.2003085047485715,68.99471743
parrots,libavif,5,32,parrots.s5.q32,15601,0.6979861259460449,0.5633579026618016,67.39350727
parrots,webp,5,32,parrots.q73.5,22800,0.04836893081665039,8.12951606250185,67.58889689
parrots,libavif,6,32,parrots.s6.q32,15927,0.17884325981140137,2.198662674873321,65.77889279
parrots,libavif,7,32,parrots.s7.q32,18124,0.11043453216552734,3.560625397594107,66.69165736
parrots,webp,7,32,parrots.q73,22508,0.048265695571899414,8.146904242045832,66.66225037
parrots,libavif,8,32,parrots.s8.q32,18374,0.07308793067932129,5.380040128995638,66.18462272
parrots,libavif,5,34,parrots.s5.q34,13893,0.6647086143493652,0.5915614624385309,64.05069953
parrots,webp,5,34,parrots.q66,20464,0.0476226806640625,8.256906048061518,64.07077819
parrots,libavif,6,34,parrots.s6.q34,14243,0.1712205410003662,2.296546884518716,62.74476491
parrots,libavif,7,34,parrots.s7.q34,15855,0.10907316207885742,3.60506647561674,62.6494096
parrots,webp,7,34,parrots.q62,19428,0.0475313663482666,8.272768704330336,62.73842208
parrots,libavif,8,34,parrots.s8.q34,15991,0.07051277160644531,5.576521685953096,62.13441635
parrots,libavif,5,36,parrots.s5.q36,12227,0.6361868381500244,0.6180825764070155,60.46910311
parrots,webp,5,36,parrots.q57.5,18426,0.04797720909118652,8.195891496161128,60.76676169
parrots,libavif,6,36,parrots.s6.q36,12490,0.1660172939300537,2.368524330758394,59.03124928
parrots,libavif,7,36,parrots.s7.q36,14041,0.10382914543151855,3.7871447209333833,59.13444405
parrots,webp,7,36,parrots.q55.5,17974,0.04685807228088379,8.391638427695549,59.20560824
parrots,libavif,8,36,parrots.s8.q36,14237,0.06765198707580566,5.81233481818342,58.53519616
parrots,libavif,5,38,parrots.s5.q38,10875,0.601611852645874,0.6536041440517598,56.51418967
parrots,webp,5,38,parrots.q49,16452,0.04621601104736328,8.50822022690411,56.66129371
parrots,libavif,6,38,parrots.s6.q38,11012,0.16042876243591309,2.451031810191013,54.31393275
parrots,libavif,7,38,parrots.s7.q38,12310,0.10412383079528809,3.7764265586144203,54.97274868
parrots,webp,7,38,parrots.q46.5,16024,0.045851707458496094,8.575820221219242,55.38644448
parrots,libavif,8,38,parrots.s8.q38,12535,0.06509065628051758,6.041051396153987,54.12023277
parrots,libavif,5,40,parrots.s5.q40,9613,0.5629301071166992,0.698516556547372,52.42149092
parrots,webp,5,40,parrots.q41.5,14814,0.04547619819641113,8.646633087086677,52.35199876
parrots,libavif,6,40,parrots.s6.q40,9783,0.15319013595581055,2.566849344095025,50.07001491
parrots,libavif,7,40,parrots.s7.q40,10854,0.09771966934204102,4.023918650641917,49.99662547
parrots,webp,7,40,parrots.q35,13292,0.04488873481750488,8.759792442326995,50.0050032
parrots,libavif,8,40,parrots.s8.q40,11084,0.061959266662597656,6.346363041081131,48.83938943
parrots,libavif,5,42,parrots.s5.q42,8534,0.5450360774993896,0.7214494897366502,47.07150119
parrots,webp,5,42,parrots.q31,12500,0.044416189193725586,8.852988226543923,47.20182876
parrots,libavif,6,42,parrots.s6.q42,8598,0.14746928215026855,2.666426487377351,44.7942601
parrots,libavif,7,42,parrots.s7.q42,9700,0.09406685829162598,4.180175750963768,45.18852899
parrots,webp,7,42,parrots.q29,11948,0.04455137252807617,8.826125384850851,45.02076133
parrots,libavif,8,42,parrots.s8.q42,9853,0.05855393409729004,6.715449714218239,44.08685179
parrots,libavif,5,44,parrots.s5.q44,7577,0.5292725563049316,0.7429366879424126,41.50427195
parrots,webp,5,44,parrots.q23.5,10780,0.043845176696777344,8.968284076476346,41.23792557
parrots,libavif,6,44,parrots.s6.q44,7653,0.1471548080444336,2.6721247183528507,38.73392215
parrots,libavif,7,44,parrots.s7.q44,8636,0.09088015556335449,4.32675315708368,40.20993716
parrots,webp,7,44,parrots.q22.5,10536,0.04375338554382324,8.987098829327302,40.08386075
parrots,libavif,8,44,parrots.s8.q44,8716,0.057276248931884766,6.865254050900372,38.5504001
